aaa,ｋじ,2020-07-08 20:34:24
aaa,ｃｃｃ,2020-07-08 20:31:35
aaa,ｂｂｂ,2020-07-08 20:26:21
aaa,あああ,2020-07-08 20:24:59
aaa,ｇｇｇ,2020-07-08 20:23:09
aaa,ｂｂ,2020-07-08 20:22:33
aaa,あああ
,2020-07-08 20:21:21
aaa,ああ,2020-07-08 20:19:37
aaa,あああ,2020-07-08 20:16:32
aaa,ｂｂｂｂｂｂｂ,2020-07-08 20:09:58
aaa,反映されるか,2020-07-08 20:06:21
aaa,oooo,2020-07-08 19:59:48
aaa,aaa,2020-07-08 19:58:48
aaa,abb,2020-07-08 19:57:37
aaa,aaaa,2020-07-08 19:57:10
aaa,bababa,2020-07-08 19:55:45
aaa,ba,2020-07-08 19:55:27
aaa,test,2020-07-08 19:54:52
aaa,aaa,2020-07-08 19:52:24
aaa,bbb,2020-07-08 19:52:18
aaa,bbbbbbbbbbbb,2020-07-08 19:47:19
aaa,aaaa,2020-07-08 19:47:11
aaa,bbbbbbbbb,2020-07-08 19:47:06
aaa,oooooo,2020-07-08 19:45:58
aaa,aaa,2020-07-08 19:45:53
test,bbbbbbbbbbb,2020-07-08 19:40:06
test,aaa,2020-07-08 19:40:01
test,aaa,2020-07-08 19:38:43
test,aaa,2020-07-08 19:30:10
test,aaa,2020-07-08 19:27:40
test,aaa,2020-07-08 19:24:25
test,bbb,2020-07-08 19:13:54
test,aaa,2020-07-08 19:09:49
test,bbbb,2020-07-08 19:09:35
test,aaa,2020-07-08 19:09:31
test,aaa,2020-07-08 19:09:21
test,test,2020-07-08 17:13:23
aaa,bbbbbbbbb,2020-07-07 18:19:32
aaa,bbb,2020-07-07 18:19:09
aaa,vv,2020-07-07 18:16:38
aaa,aaa,2020-07-07 18:16:06
aaaa,bbbbb,2020-07-07 18:10:21
test,あああ,2020-07-07 15:53:22
test,多重投稿５,2020-07-07 10:49:24
test,多重投稿４,2020-07-07 10:49:09
test,多重投稿３,2020-07-07 10:48:52
test,多重投稿２,2020-07-07 10:48:30
test,多重投稿,2020-07-07 10:43:14
test,多重投稿,2020-07-07 10:43:10
test,bbb,2020-07-06 22:07:14
DB,DB,2020-07-06 21:59:13
DB,DBへ登録,2020-07-06 20:19:01
